n,Projective,Affine,Ruzsa,Prime Gap,Max Prime Gap
7,4,3,2,2,2
8,5,4,,1,2
9,6,5,,1,2
11,7,6,5,2,2
13,8,7,6,2,2
16,10,9,,3,3
17,10,9,8,1,3
19,11,10,9,2,3
23,13,12,9,4,4
25,13,13,,2,4
27,14,13,,2,4
29,16,12,8,2,4
31,15,13,9,2,4
32,14,14,,1,4
37,14,13,9,5,5
41,14,13,10,4,5
43,15,13,11,2,5
47,15,14,11,4,5
49,15,14,,2,5
53,15,14,12,4,5
59,17,15,11,6,6
61,16,15,10,2,6
64,14,13,,3,6
67,17,15,12,3,6
71,17,16,14,4,6
73,17,16,14,2,6
79,18,16,13,6,6
81,18,16,,2,6
83,18,16,15,2,6
89,18,18,15,6,6
97,20,18,13,8,8
101,20,18,12,4,8
103,19,18,15,2,8
107,20,17,15,4,8
109,20,18,12,2,8
113,19,19,15,4,8
121,19,18,,8,8
125,20,18,,4,8
127,20,20,15,2,8
128,22,20,,1,8
131,21,20,16,3,8
137,21,20,17,6,8
139,21,19,16,2,8
149,22,19,16,10,10
151,21,20,15,2,10
157,23,21,17,6,10
163,23,22,18,6,10
167,23,22,16,4,10
169,24,20,,2,10
173,24,21,14,4,10
179,23,23,16,6,10
181,24,23,17,2,10
191,24,23,19,10,10
193,25,22,18,2,10
197,24,22,19,4,10
199,24,22,16,2,10
211,26,23,15,12,12
223,25,24,19,12,12
227,25,24,19,4,12
229,25,23,19,2,12
233,27,25,17,4,12
239,27,22,17,6,12
241,26,24,17,2,12
243,24,24,,2,12
251,25,25,16,8,12
256,24,23,,5,12
257,28,24,18,1,12
263,28,24,21,6,12
269,26,25,19,6,12
271,27,25,18,2,12
277,27,26,15,6,12
281,27,24,20,4,12
283,27,26,18,2,12
289,26,27,,6,12
293,28,28,20,4,12
307,27,26,19,14,14
311,28,27,21,4,14
313,29,25,20,2,14
317,28,27,20,4,14
331,28,27,19,14,14
337,31,28,20,6,14
343,28,26,,6,14
347,30,28,22,4,14
349,30,30,18,2,14
353,30,28,21,4,14
359,29,29,21,6,14
361,28,27,,2,14
367,31,28,22,6,14
373,29,28,19,6,14
379,29,27,20,6,14
383,31,29,24,4,14
389,30,29,24,6,14
397,31,29,23,8,14
401,31,28,19,4,14
409,30,29,21,8,14
419,32,31,21,10,14
421,31,28,20,2,14
431,31,30,27,10,14
433,32,31,22,2,14
439,33,31,27,6,14
443,33,29,22,4,14
449,33,30,21,6,14
457,33,30,19,8,14
461,32,30,21,4,14
463,32,30,22,2,14
467,33,31,29,4,14
479,33,30,23,12,14
487,33,32,23,8,14
491,34,31,20,4,14
499,33,32,22,8,14
503,34,31,25,4,14
509,33,31,22,6,14
512,33,31,,3,14
521,33,30,20,9,14
523,33,33,23,2,14
529,32,30,,6,14
541,34,34,26,12,14
547,34,34,22,6,14
557,33,32,25,10,14
563,34,32,24,6,14
569,35,35,24,6,14
571,34,33,22,2,14
577,37,35,25,6,14
587,34,34,25,10,14
593,38,36,26,6,14
599,35,34,22,6,14
601,35,34,22,2,14
607,36,34,24,6,14
613,36,33,25,6,14
617,37,35,23,4,14
619,35,35,22,2,14
625,33,36,,6,14
631,35,35,22,6,14
641,36,33,26,10,14
643,36,33,23,2,14
647,37,35,22,4,14
653,36,36,24,6,14
659,38,36,24,6,14
661,35,33,24,2,14
673,37,37,23,12,14
677,36,34,22,4,14
683,39,35,24,6,14
691,36,36,23,8,14
701,37,36,25,10,14
709,38,35,23,8,14
719,37,39,29,10,14
727,38,36,29,8,14
729,36,34,,2,14
733,38,36,25,4,14
739,38,36,28,6,14
743,39,35,23,4,14
751,37,35,26,8,14
757,38,35,25,6,14
761,38,38,26,4,14
769,40,36,26,8,14
773,37,38,26,4,14
787,39,37,24,14,14
797,38,36,30,10,14
809,38,38,26,12,14
811,38,38,23,2,14
821,38,38,26,10,14
823,38,38,30,2,14
827,41,38,24,4,14
829,38,36,28,2,14
839,40,36,26,10,14
841,38,38,,2,14
853,39,36,26,12,14
857,40,39,34,4,14
859,38,36,31,2,14
863,39,39,26,4,14
877,41,37,25,14,14
881,39,37,24,4,14
883,42,39,25,2,14
887,40,37,28,4,14
907,39,39,25,20,20
911,40,36,26,4,20
919,39,37,26,8,20
929,40,39,26,10,20
937,40,39,27,8,20
941,41,39,31,4,20
947,40,40,25,6,20
953,40,38,28,6,20
961,40,36,,8,20
967,40,40,32,6,20
971,39,39,30,4,20
977,44,39,28,6,20
983,44,39,28,6,20
991,41,38,28,8,20
997,42,41,29,6,20
1009,43,39,26,12,20
1013,40,38,32,4,20
1019,41,41,25,6,20
1021,42,39,36,2,20
1024,41,42,,3,20
1031,46,38,36,7,20
1033,44,39,26,2,20
1039,41,43,30,6,20
1049,43,40,26,10,20
1051,41,43,26,2,20
1061,43,40,25,10,20
1063,43,39,25,2,20
1069,45,42,28,6,20
1087,41,44,32,18,20
1091,43,42,26,4,20
1093,43,42,26,2,20
1097,43,42,32,4,20
1103,43,41,27,6,20
1109,41,39,27,6,20
1117,45,42,28,8,20
1123,43,39,31,6,20
1129,44,40,27,6,20
1151,44,41,28,22,22
1153,44,40,27,2,22
1163,46,41,36,10,22
1171,41,42,27,8,22
1181,43,41,29,10,22
1187,45,43,28,6,22
1193,43,44,27,6,22
1201,45,41,30,8,22
1213,43,42,28,12,22
1217,44,46,31,4,22
1223,44,42,29,6,22
1229,46,40,30,6,22
1231,45,40,25,2,22
1237,44,44,29,6,22
1249,47,42,26,12,22
1259,44,44,25,10,22
1277,46,42,34,18,22
1279,44,46,28,2,22
1283,48,41,32,4,22
1289,47,42,27,6,22
1291,47,43,24,2,22
1297,42,42,28,6,22
1301,49,40,32,4,22
1303,46,43,25,2,22
1307,45,46,28,4,22
1319,48,46,31,12,22
1321,43,49,26,2,22
1327,42,45,26,6,22
1331,45,41,,4,22
1361,48,42,30,30,30
1367,48,43,26,6,30
1369,44,41,,2,30
1373,48,42,27,4,30
1381,46,44,29,8,30
1399,45,45,31,18,30
1409,48,43,34,10,30
1423,46,44,33,14,30
1427,47,44,35,4,30
1429,48,42,32,2,30
1433,47,47,31,4,30
1439,46,43,32,6,30
1447,47,43,31,8,30
1451,46,45,31,4,30
1453,47,45,29,2,30
1459,44,44,28,6,30
1471,47,42,30,12,30
1481,48,44,38,10,30
1483,47,46,27,2,30
1487,50,45,32,4,30
1489,45,47,28,2,30
1493,45,44,31,4,30
1499,45,44,33,6,30
1511,47,43,31,12,30
1523,45,48,30,12,30
1531,48,45,26,8,30
1543,46,44,33,12,30
1549,45,48,29,6,30
1553,48,44,33,4,30
1559,46,46,39,6,30
1567,47,44,31,8,30
1571,46,48,29,4,30
1579,46,45,31,8,30
1583,47,45,32,4,30
1597,47,48,28,14,30
1601,48,45,28,4,30
1607,44,43,30,6,30
1609,47,45,30,2,30
1613,48,50,32,4,30
1619,53,44,34,6,30
1621,47,44,27,2,30
1627,49,44,25,6,30
1637,48,43,32,10,30
1657,49,47,31,20,30
1663,47,47,40,6,30
1667,50,46,32,4,30
1669,50,46,29,2,30
1681,48,48,,12,30
1693,47,46,32,12,30
1697,50,54,28,4,30
1699,46,47,27,2,30
1709,53,43,31,10,30
1721,50,44,28,12,30
1723,48,45,30,2,30
1733,51,48,29,10,30
1741,51,44,28,8,30
1747,47,48,27,6,30
1753,47,45,29,6,30
1759,52,42,29,6,30
1777,46,54,32,18,30
1783,51,47,31,6,30
1787,48,47,30,4,30
1789,53,51,29,2,30
1801,49,43,29,12,30
1811,53,47,35,10,30
1823,50,46,29,12,30
1831,48,47,28,8,30
1847,48,47,34,16,30
1849,47,45,,2,30
1861,48,47,34,12,30
1867,49,46,32,6,30
1871,52,50,39,4,30
1873,50,49,31,2,30
1877,50,48,30,4,30
1879,49,46,31,2,30
1889,52,51,29,10,30
1901,49,46,36,12,30
1907,50,45,34,6,30
1913,51,44,35,6,30
1931,49,50,30,18,30
1933,53,44,31,2,30
1949,54,51,35,16,30
1951,50,48,34,2,30
1973,51,46,31,22,30
1979,49,46,34,6,30
1987,48,47,31,8,30
1993,48,46,28,6,30
1997,51,48,33,4,30
1999,52,50,33,2,30
2003,52,47,37,4,30
2011,50,46,29,8,30
2017,51,47,29,6,30
2027,48,50,33,10,30
2029,53,47,37,2,30
2039,50,46,34,10,30
2048,53,57,,9,30
2053,50,46,31,5,30
2063,51,50,34,10,30
2069,54,47,31,6,30
2081,52,46,34,12,30
2083,48,49,29,2,30
2087,50,50,29,4,30
2089,50,47,33,2,30
2099,52,49,31,10,30
2111,53,48,38,12,30
2113,54,49,36,2,30
2129,51,49,40,16,30
2131,50,50,28,2,30
2137,50,49,34,6,30
2141,49,46,36,4,30
2143,52,48,33,2,30
2153,47,51,36,10,30
2161,50,48,33,8,30
2179,49,49,31,18,30
2187,54,51,,8,30
2197,47,46,,10,30
2203,53,52,29,6,30
2207,49,52,35,4,30
2209,50,48,,2,30
2213,54,45,30,4,30
2221,50,49,36,8,30
2237,52,48,28,16,30
2239,54,49,33,2,30
2243,52,48,33,4,30
2251,53,50,32,8,30
2267,53,51,30,16,30
2269,52,46,29,2,30
2273,58,51,33,4,30
2281,50,52,29,8,30
2287,52,53,38,6,30
2293,57,50,38,6,30
2297,54,47,37,4,30
2309,52,50,35,12,30
2311,51,48,30,2,30
2333,51,49,34,22,30
2339,53,49,34,6,30
2341,56,56,28,2,30
2347,51,56,30,6,30
2351,51,52,37,4,30
2357,56,51,32,6,30
2371,52,50,32,14,30
2377,53,48,38,6,30
2381,50,48,37,4,30
2383,57,52,42,2,30
2389,53,49,34,6,30
2393,59,48,32,4,30
2399,52,48,31,6,30
2401,50,49,,2,30
2411,54,52,33,10,30
2417,52,53,32,6,30
2423,50,49,38,6,30
2437,52,51,34,14,30
2441,56,49,36,4,30
2447,53,51,34,6,30
2459,51,49,31,12,30
2467,51,51,42,8,30
2473,51,51,36,6,30
2477,55,50,33,4,30
2503,54,53,28,26,30
2521,56,49,31,18,30
2531,59,48,31,10,30
2539,52,53,32,8,30
2543,54,49,31,4,30
2549,55,49,39,6,30
2551,53,48,34,2,30
2557,52,51,33,6,30
2579,53,54,38,22,30
2591,53,50,28,12,30
2593,54,52,40,2,30
2609,54,53,36,16,30
2617,54,49,36,8,30
2621,57,47,33,4,30
2633,55,50,30,12,30
2647,61,54,30,14,30
2657,58,51,32,10,30
2659,52,48,40,2,30
2663,53,50,33,4,30
2671,57,52,41,8,30
2677,53,54,33,6,30
2683,53,55,39,6,30
2687,52,57,36,4,30
2689,51,53,37,2,30
2693,55,57,36,4,30
2699,56,49,36,6,30
2707,56,56,35,8,30
2711,54,50,40,4,30
2713,54,50,41,2,30
2719,54,51,36,6,30
2729,53,49,38,10,30
2731,50,54,32,2,30
2741,57,50,34,10,30
2749,54,56,32,8,30
2753,53,50,34,4,30
2767,53,51,37,14,30
2777,58,52,31,10,30
2789,58,54,34,12,30
2791,53,52,31,2,30
2797,57,54,32,6,30
2801,55,52,32,4,30
2803,53,50,30,2,30
2809,53,56,,6,30
2819,55,50,35,10,30
2833,53,49,34,14,30
2837,50,53,33,4,30
2843,56,54,34,6,30
2851,52,51,46,8,30
2857,52,52,32,6,30
2861,55,54,32,4,30
2879,58,50,35,18,30
2887,58,49,38,8,30
2897,53,49,36,10,30
2903,56,61,36,6,30
2909,56,52,36,6,30
2917,53,55,36,8,30
2927,56,54,35,10,30
2939,58,56,33,12,30
2953,55,51,37,14,30
2957,54,51,36,4,30
2963,53,55,37,6,30
2969,57,52,35,6,30
2971,56,54,31,2,30
2999,59,54,32,28,30
3001,54,53,32,2,30
3011,57,53,34,10,30
3019,54,60,31,8,30
3023,60,55,34,4,30
3037,55,58,42,14,30
3041,55,51,41,4,30
3049,58,49,35,8,30
3061,56,53,29,12,30
3067,55,54,32,6,30
3079,55,54,37,12,30
3083,56,55,38,4,30
3089,55,52,39,6,30
3109,56,53,28,20,30
3119,56,55,38,10,30
3121,56,57,32,2,30
3125,55,52,,4,30
3137,58,53,41,12,30
3163,55,52,35,26,30
3167,59,55,34,4,30
3169,60,52,37,2,30
3181,56,54,33,12,30
3187,56,53,39,6,30
3191,56,48,30,4,30
3203,58,56,35,12,30
3209,55,53,37,6,30
3217,55,53,31,8,30
3221,64,53,33,4,30
3229,59,55,39,8,30
3251,62,56,39,22,30
3253,54,55,32,2,30
3257,56,60,35,4,30
3259,54,54,32,2,30
3271,54,57,42,12,30
3299,58,54,35,28,30
3301,56,54,34,2,30
3307,60,51,30,6,30
3313,56,52,38,6,30
3319,56,54,34,6,30
3323,55,56,35,4,30
3329,53,59,35,6,30
3331,62,52,35,2,30
3343,61,55,32,12,30
3347,55,53,30,4,30
3359,59,56,40,12,30
3361,56,55,34,2,30
3371,56,56,40,10,30
3373,58,57,35,2,30
3389,57,55,34,16,30
3391,57,53,38,2,30
3407,61,56,46,16,30
3413,58,56,33,6,30
3433,58,59,35,20,30
3449,57,57,37,16,30
3457,61,57,37,8,30
3461,58,55,50,4,30
3463,55,56,35,2,30
3467,55,56,35,4,30
3469,55,53,40,2,30
3481,58,61,,12,30
3491,65,55,31,10,30
3499,57,56,36,8,30
3511,55,55,33,12,30
3517,56,60,33,6,30
3527,59,52,37,10,30
3529,57,52,38,2,30
3533,56,64,37,4,30
3539,55,54,33,6,30
3541,56,54,30,2,30
3547,63,55,34,6,30
3557,58,54,41,10,30
3559,57,54,36,2,30
3571,57,55,32,12,30
3581,57,55,33,10,30
3583,55,57,34,2,30
3593,62,55,33,10,30
3607,56,59,34,14,30
3613,60,60,33,6,30
3617,65,57,34,4,30
3623,56,60,37,6,30
3631,62,51,32,8,30
3637,56,54,34,6,30
3643,59,57,39,6,30
3659,61,54,36,16,30
3671,55,52,38,12,30
3673,57,59,33,2,30
3677,59,57,34,4,30
3691,55,54,41,14,30
3697,63,54,39,6,30
3701,58,54,38,4,30
3709,57,59,35,8,30
3719,64,54,35,10,30
3721,55,52,,2,30
3727,55,58,44,6,30
3733,55,60,33,6,30
3739,61,53,36,6,30
3761,59,54,36,22,30
3767,59,55,34,6,30
3769,56,57,39,2,30
3779,62,54,40,10,30
3793,66,59,33,14,30
3797,58,58,40,4,30
3803,60,57,35,6,30
3821,61,57,35,18,30
3823,58,54,38,2,30
3833,58,58,38,10,30
3847,59,53,42,14,30
3851,58,57,38,4,30
3853,62,55,40,2,30
3863,60,56,39,10,30
3877,56,54,36,14,30
3881,60,55,34,4,30
3889,63,57,34,8,30
3907,60,59,33,18,30
3911,59,56,38,4,30
3917,59,58,37,6,30
3919,61,61,34,2,30
3923,59,57,43,4,30
3929,61,54,39,6,30
3931,58,56,33,2,30
3943,58,56,35,12,30
3947,60,55,35,4,30
3967,56,57,38,20,30
3989,59,56,35,22,30
4001,62,55,35,12,30
4003,56,61,37,2,30
4007,58,57,37,4,30
4013,60,55,36,6,30
4019,59,61,34,6,30
4021,58,54,32,2,30
4027,66,60,38,6,30
4049,57,55,32,22,30
4051,55,56,37,2,30
4057,60,58,38,6,30
4073,68,55,36,16,30
4079,59,61,36,6,30
4091,57,54,32,12,30
4093,62,56,41,2,30
4096,70,69,,3,30
4099,57,56,31,3,30
4111,69,60,35,12,30
4127,60,59,39,16,30
4129,58,60,37,2,30
4133,65,57,37,4,30
4139,59,66,34,6,30
4153,58,62,34,14,30
4157,59,54,38,4,30
4159,58,56,33,2,30
4177,61,61,43,18,30
4201,60,55,41,24,30
4211,60,58,34,10,30
4217,58,55,39,6,30
4219,61,60,38,2,30
4229,63,57,35,10,30
4231,59,58,37,2,30
4241,59,55,59,10,30
4243,61,57,36,2,30
4253,59,56,45,10,30
4259,59,59,36,6,30
4261,57,56,36,2,30
4271,62,54,38,10,30
4273,60,56,39,2,30
4283,61,60,40,10,30
4289,57,54,33,6,30
4297,63,57,45,8,30
4327,60,57,43,30,30
4337,60,55,36,10,30
4339,57,57,43,2,30
4349,60,61,37,10,30
4357,60,57,38,8,30
4363,60,55,32,6,30
4373,62,66,36,10,30
4391,61,59,37,18,30
4397,66,56,39,6,30
4409,59,53,37,12,30
4421,64,60,36,12,30
4423,60,55,33,2,30
4441,60,55,36,18,30
4447,66,56,36,6,30
4451,60,61,36,4,30
4457,67,63,36,6,30
4463,62,58,45,6,30
4481,61,58,35,18,30
4483,57,63,43,2,30
4489,55,54,,6,30
4493,61,61,39,4,30
4507,62,59,33,14,30
4513,61,59,44,6,30
4517,58,56,42,4,30
4519,59,55,46,2,30
4523,60,53,34,4,30
4547,67,60,35,24,30
4549,71,56,37,2,30
4561,61,55,38,12,30
4567,67,58,39,6,30
4583,59,58,37,16,30
4591,61,54,33,8,30
4597,58,59,37,6,30
4603,62,60,36,6,30
4621,66,58,36,18,30
4637,61,58,42,16,30
4639,59,56,39,2,30
4643,60,58,32,4,30
4649,62,61,38,6,30
4651,60,58,35,2,30
4657,57,55,35,6,30
4663,64,56,35,6,30
4673,59,58,39,10,30
4679,60,64,35,6,30
4691,63,54,33,12,30
4703,64,60,45,12,30
4721,63,58,36,18,30
4723,62,61,42,2,30
4729,62,59,44,6,30
4733,62,62,48,4,30
4751,60,59,38,18,30
4759,61,64,45,8,30
4783,60,57,35,24,30
4787,58,59,36,4,30
4789,63,59,37,2,30
4793,62,56,38,4,30
4799,62,59,42,6,30
4801,61,55,43,2,30
4813,56,56,43,12,30
4817,61,55,38,4,30
4831,61,61,34,14,30
4861,61,60,38,30,30
4871,60,61,38,10,30
4877,61,56,35,6,30
4889,63,63,36,12,30
4903,61,60,38,14,30
4909,58,60,33,6,30
4913,57,59,,4,30
4919,66,61,40,6,30
4931,64,59,35,12,30
4933,63,61,39,2,30
4937,61,70,42,4,30
4943,62,65,40,6,30
4951,60,61,36,8,30
4957,60,60,36,6,30
4967,61,58,35,10,30
4969,64,58,40,2,30
4973,61,59,38,4,30
4987,63,65,38,14,30
4993,63,60,32,6,30
4999,63,60,36,6,30
5003,63,57,37,4,30
5009,62,61,39,6,30
5011,70,59,36,2,30
5021,61,57,45,10,30
5023,61,56,36,2,30
5039,63,58,39,16,30
5041,60,57,,2,30
5051,62,60,36,10,30
5059,65,59,38,8,30
5077,64,60,41,18,30
5081,61,61,40,4,30
5087,63,58,44,6,30
5099,63,59,40,12,30
5101,59,60,41,2,30
5107,68,66,33,6,30
5113,61,56,36,6,30
5119,59,61,42,6,30
5147,63,63,40,28,30
5153,63,56,37,6,30
5167,66,57,39,14,30
5171,62,59,34,4,30
5179,62,62,37,8,30
5189,64,59,39,10,30
5197,63,64,43,8,30
5209,60,69,40,12,30
5227,66,65,42,18,30
5231,67,65,39,4,30
5233,59,56,38,2,30
5237,66,60,36,4,30
5261,63,59,45,24,30
5273,65,58,39,12,30
5279,63,60,36,6,30
5281,66,56,39,2,30
5297,63,64,37,16,30
5303,64,60,36,6,30
5309,70,67,42,6,30
5323,60,67,39,14,30
5329,66,61,,6,30
5333,65,62,40,4,30
5347,64,59,38,14,30
5351,64,58,35,4,30
5381,60,60,54,30,30
5387,62,60,38,6,30
5393,60,61,39,6,30
5399,64,61,40,6,30
5407,69,58,39,8,30
5413,64,57,38,6,30
5417,63,62,41,4,30
5419,62,61,36,2,30
5431,60,57,36,12,30
5437,61,61,38,6,30
5441,61,59,38,4,30
5443,61,64,38,2,30
5449,69,60,41,6,30
5471,63,66,47,22,30
5477,64,56,59,6,30
5479,64,62,33,2,30
5483,61,67,38,4,30
5501,63,58,37,18,30
5503,63,59,36,2,30
5507,63,67,39,4,30
5519,66,63,42,12,30
5521,63,60,36,2,30
5527,63,62,35,6,30
5531,62,62,38,4,30
5557,63,60,36,26,30
5563,62,59,39,6,30
5569,66,60,35,6,30
5573,70,58,40,4,30
5581,66,58,41,8,30
5591,65,67,37,10,30
5623,62,58,43,32,32
5639,66,58,42,16,32
5641,69,64,36,2,32
5647,60,59,36,6,32
5651,63,61,35,4,32
5653,68,59,40,2,32
5657,61,67,42,4,32
5659,60,59,39,2,32
5669,61,59,41,10,32
5683,70,61,39,14,32
5689,64,59,39,6,32
5693,63,62,39,4,32
5701,63,61,35,8,32
5711,61,60,38,10,32
5717,60,61,42,6,32
5737,63,58,37,20,32
5741,65,56,42,4,32
5743,65,58,35,2,32
5749,63,62,39,6,32
5779,62,62,40,30,32
5783,64,60,39,4,32
5791,65,58,36,8,32
5801,63,64,42,10,32
5807,68,63,46,6,32
5813,66,66,40,6,32
5821,64,66,39,8,32
5827,64,65,37,6,32
5839,62,60,38,12,32
5843,65,62,37,4,32
5849,65,56,43,6,32
5851,66,60,47,2,32
5857,65,59,35,6,32
5861,61,68,41,4,32
5867,66,60,40,6,32
5869,65,61,37,2,32
5879,62,58,41,10,32
5881,62,60,34,2,32
5897,63,61,41,16,32
5903,62,63,41,6,32
5923,60,64,39,20,32
5927,68,61,39,4,32
5939,64,60,39,12,32
5953,70,64,38,14,32
5981,64,66,38,28,32
5987,65,62,43,6,32
6007,64,59,38,20,32
6011,61,58,40,4,32
6029,69,59,39,18,32
6037,65,62,41,8,32
6043,65,62,40,6,32
6047,73,61,41,4,32
6053,64,61,43,6,32
6067,61,57,49,14,32
6073,60,59,35,6,32
6079,66,66,44,6,32
6089,65,65,43,10,32
6091,65,62,39,2,32
6101,68,62,41,10,32
6113,63,62,35,12,32
6121,64,62,39,8,32
6131,68,64,36,10,32
6133,67,60,37,2,32
6143,68,60,42,10,32
6151,66,62,45,8,32
6163,62,60,36,12,32
6173,63,61,39,10,32
6197,61,65,39,24,32
6199,65,62,41,2,32
6203,67,66,41,4,32
6211,62,62,34,8,32
6217,63,70,46,6,32
6221,65,62,46,4,32
6229,64,63,36,8,32
6241,67,61,,12,32
6247,69,63,39,6,32
6257,69,66,41,10,32
6263,66,65,41,6,32
6269,65,59,44,6,32
6271,67,60,42,2,32
6277,62,61,38,6,32
6287,70,62,40,10,32
6299,64,61,37,12,32
6301,62,64,48,2,32
6311,63,64,37,10,32
6317,66,62,41,6,32
6323,62,61,44,6,32
6329,70,58,38,6,32
6337,63,61,44,8,32
6343,68,58,37,6,32
6353,67,65,42,10,32
6359,67,64,38,6,32
6361,68,62,40,2,32
6367,65,60,40,6,32
6373,62,64,39,6,32
6379,69,65,40,6,32
6389,70,63,40,10,32
6397,63,62,37,8,32
6421,64,62,40,24,32
6427,62,61,40,6,32
6449,67,63,37,22,32
6451,67,61,40,2,32
6469,63,60,45,18,32
6473,65,63,44,4,32
6481,63,70,39,8,32
6491,63,61,40,10,32
6521,64,69,38,30,32
6529,68,67,41,8,32
6547,66,62,41,18,32
6551,64,58,44,4,32
6553,68,64,42,2,32
6561,71,64,,8,32
6563,68,63,39,2,32
6569,67,60,38,6,32
6571,63,62,37,2,32
6577,70,59,43,6,32
6581,64,60,41,4,32
6599,68,69,38,18,32
6607,59,63,37,8,32
6619,63,61,37,12,32
6637,68,61,36,18,32
6653,66,70,53,16,32
6659,62,61,40,6,32
6661,65,66,42,2,32
6673,66,67,38,12,32
6679,67,61,46,6,32
6689,68,68,37,10,32
6691,70,60,36,2,32
6701,67,62,35,10,32
6703,62,61,43,2,32
6709,65,61,36,6,32
6719,66,60,44,10,32
6733,70,65,36,14,32
6737,63,60,51,4,32
6761,72,63,41,24,32
6763,68,59,39,2,32
6779,71,64,43,16,32
6781,67,64,37,2,32
6791,73,63,41,10,32
6793,65,62,37,2,32
6803,65,59,36,10,32
6823,63,62,44,20,32
6827,64,71,38,4,32
6829,67,61,41,2,32
6833,65,63,45,4,32
6841,64,62,40,8,32
6857,73,62,44,16,32
6859,58,59,,2,32
6863,69,64,39,4,32
6869,66,65,39,6,32
6871,72,62,46,2,32
6883,65,63,37,12,32
6889,58,61,,6,32
6899,63,62,37,10,32
6907,65,72,45,8,32
6911,69,63,41,4,32
6917,71,62,46,6,32
6947,69,61,44,30,32
6949,68,64,38,2,32
6959,65,62,41,10,32
6961,64,65,45,2,32
6967,70,68,40,6,32
6971,67,61,40,4,32
6977,63,63,42,6,32
6983,67,71,39,6,32
6991,64,61,37,8,32
6997,63,61,35,6,32
7001,73,66,40,4,32
7013,69,64,41,12,32
7019,71,62,38,6,32
7027,69,63,37,8,32
7039,66,67,38,12,32
7043,65,61,44,4,32
7057,67,63,38,14,32
7069,69,66,41,12,32
7079,63,61,44,10,32
7103,69,65,41,24,32
7109,66,61,41,6,32
7121,67,63,37,12,32
7127,71,62,50,6,32
7129,64,62,39,2,32
7151,69,62,44,22,32
7159,66,66,38,8,32
7177,67,64,37,18,32
7187,66,62,37,10,32
7193,67,61,37,6,32
7207,63,62,39,14,32
7211,62,66,35,4,32
7213,66,65,41,2,32
7219,66,63,39,6,32
7229,66,63,44,10,32
7237,66,61,43,8,32
7243,68,70,44,6,32
7247,64,63,43,4,32
7253,69,68,37,6,32
7283,69,75,41,30,32
7297,66,65,39,14,32
7307,69,66,40,10,32
7309,67,65,39,2,32
7321,65,64,38,12,32
7331,69,70,45,10,32
7333,68,70,39,2,32
7349,66,65,37,16,32
7351,65,65,37,2,32
7369,66,64,54,18,32
7393,68,63,37,24,32
7411,67,65,34,18,32
7417,68,67,40,6,32
7433,66,65,49,16,32
7451,67,63,40,18,32
7457,71,60,39,6,32
7459,65,58,39,2,32
7477,69,61,41,18,32
7481,66,63,40,4,32
7487,66,62,45,6,32
7489,69,65,50,2,32
7499,70,60,40,10,32
7507,71,63,42,8,32
7517,68,62,38,10,32
7523,67,67,42,6,32
7529,67,62,38,6,32
7537,65,64,44,8,32
7541,66,65,36,4,32
7547,72,63,43,6,32
7549,68,63,39,2,32
7559,69,63,43,10,32
7561,66,63,40,2,32
7573,66,67,40,12,32
7577,72,66,38,4,32
7583,66,66,42,6,32
7589,67,67,43,6,32
7591,69,60,40,2,32
7603,64,72,42,12,32
7607,70,63,42,4,32
7621,74,66,41,14,32
7639,64,69,39,18,32
7643,69,62,42,4,32
7649,71,69,41,6,32
7669,68,66,40,20,32
7673,69,66,43,4,32
7681,72,63,36,8,32
7687,68,65,43,6,32
7691,68,73,40,4,32
7699,66,63,44,8,32
7703,66,63,38,4,32
7717,65,63,47,14,32
7723,73,62,42,6,32
7727,70,68,50,4,32
7741,69,61,40,14,32
7753,65,69,42,12,32
7757,70,66,40,4,32
7759,65,63,36,2,32
7789,69,63,35,30,32
7793,68,66,38,4,32
7817,65,60,49,24,32
7823,66,66,42,6,32
7829,71,62,41,6,32
7841,68,63,44,12,32
7853,72,68,45,12,32
7867,64,63,42,14,32
7873,69,64,40,6,32
7877,71,65,45,4,32
7879,63,69,41,2,32
7883,65,64,49,4,32
7901,69,70,45,18,32
7907,65,67,39,6,32
7919,66,69,41,12,32
7921,68,62,,2,32
7927,67,65,38,6,32
7933,67,65,39,6,32
7937,70,60,41,4,32
7949,71,73,42,12,32
7951,68,64,43,2,32
7963,71,63,38,12,32
7993,66,64,37,30,32
8009,66,65,37,16,32
8011,72,62,40,2,32
8017,68,63,41,6,32
8039,67,67,45,22,32
8053,69,66,40,14,32
8059,73,63,39,6,32
8069,69,64,41,10,32
8081,70,67,37,12,32
8087,77,64,42,6,32
8089,65,66,37,2,32
8093,66,65,45,4,32
8101,65,73,41,8,32
8111,72,68,42,10,32
8117,70,62,45,6,32
8123,71,70,47,6,32
8147,68,65,41,24,32
8161,66,61,39,14,32
8167,67,65,45,6,32
8171,67,65,44,4,32
8179,68,62,42,8,32
8191,64,64,41,12,32
8192,89,90,,1,32
8209,68,65,42,17,32
8219,71,67,39,10,32
8221,67,62,44,2,32
8231,69,72,42,10,32
8233,71,64,42,2,32
8237,70,67,41,4,32
8243,67,64,40,6,32
8263,66,69,38,20,32
8269,65,66,40,6,32
8273,73,63,44,4,32
8287,68,67,43,14,32
8291,68,66,44,4,32
8293,69,64,41,2,32
8297,68,66,45,4,32
8311,68,64,40,14,32
8317,69,65,38,6,32
8329,65,65,45,12,32
8353,67,66,42,24,32
8363,70,72,44,10,32
8369,73,64,48,6,32
8377,70,68,43,8,32
8387,68,64,40,10,32
8389,70,69,40,2,32
8419,66,65,40,30,32
8423,68,68,40,4,32
8429,68,64,49,6,32
8431,66,64,38,2,32
8443,68,64,41,12,32
8447,72,69,39,4,32
8461,65,66,40,14,32
8467,66,71,44,6,32
8501,70,72,41,34,34
8513,73,63,42,12,34
8521,66,63,53,8,34
8527,66,62,39,6,34
8537,66,70,42,10,34
8539,68,65,42,2,34
8543,66,78,44,4,34
8563,69,70,39,20,34
8573,68,64,42,10,34
8581,73,69,41,8,34
8597,69,67,41,16,34
8599,70,61,44,2,34
8609,67,72,43,10,34
8623,66,70,41,14,34
8627,69,63,44,4,34
8629,74,67,42,2,34
8641,69,65,43,12,34
8647,68,70,44,6,34
8663,66,70,43,16,34
8669,84,64,41,6,34
8677,66,63,47,8,34
8681,67,65,38,4,34
8689,70,65,40,8,34
8693,85,65,39,4,34
8699,70,66,41,6,34
8707,67,66,39,8,34
8713,66,63,37,6,34
8719,68,66,37,6,34
8731,67,68,42,12,34
8737,62,62,40,6,34
8741,66,66,42,4,34
8747,66,62,43,6,34
8753,69,66,47,6,34
8761,68,62,39,8,34
8779,68,71,39,18,34
8783,68,66,51,4,34
8803,68,71,39,20,34
8807,67,67,38,4,34
8819,68,64,48,12,34
8821,71,66,37,2,34
8831,68,69,45,10,34
8837,71,69,45,6,34
8839,68,70,42,2,34
8849,72,76,45,10,34
8861,66,64,41,12,34
8863,68,68,37,2,34
8867,72,63,50,4,34
8887,71,68,40,20,34
8893,70,65,44,6,34
8923,68,68,40,30,34
8929,67,66,42,6,34
8933,71,65,38,4,34
8941,64,67,42,8,34
8951,69,65,46,10,34
8963,71,64,49,12,34
8969,69,71,46,6,34
8971,71,66,44,2,34
8999,70,64,42,28,34
9001,65,64,39,2,34
9007,70,67,49,6,34
9011,74,66,39,4,34
9013,70,65,39,2,34
9029,74,70,46,16,34
9041,73,70,41,12,34
9043,67,64,44,2,34
9049,79,63,39,6,34
9059,73,65,42,10,34
9067,65,64,41,8,34
9091,71,69,49,24,34
9103,68,64,43,12,34
9109,69,64,41,6,34
9127,67,68,37,18,34
9133,74,67,41,6,34
9137,74,64,38,4,34
9151,71,66,38,14,34
9157,72,66,40,6,34
9161,67,69,39,4,34
9173,75,69,44,12,34
9181,68,62,50,8,34
9187,73,68,44,6,34
9199,67,71,50,12,34
9203,66,69,43,4,34
9209,69,64,44,6,34
9221,71,69,43,12,34
9227,71,67,38,6,34
9239,71,67,42,12,34
9241,72,62,41,2,34
9257,74,67,40,16,34
9277,74,72,46,20,34
9281,72,66,47,4,34
9283,74,64,42,2,34
9293,66,70,45,10,34
9311,69,64,47,18,34
9319,76,65,39,8,34
9323,69,72,41,4,34
9337,74,68,40,14,34
9341,72,68,40,4,34
9343,68,66,46,2,34
9349,72,62,40,6,34
9371,67,69,41,22,34
9377,76,69,42,6,34
9391,71,68,42,14,34
9397,70,76,41,6,34
9403,76,65,40,6,34
9409,69,65,,6,34
9413,79,72,42,4,34
9419,68,65,43,6,34
9421,70,62,43,2,34
9431,69,64,48,10,34
9433,69,67,47,2,34
9437,70,64,45,4,34
9439,66,63,36,2,34
9461,69,64,46,22,34
9463,67,66,40,2,34
9467,74,68,43,4,34
9473,69,65,44,6,34
9479,70,73,47,6,34
9491,69,64,40,12,34
9497,80,66,40,6,34
9511,73,68,40,14,34
9521,72,66,41,10,34
9533,67,74,40,12,34
9539,76,72,42,6,34
9547,70,68,40,8,34
9551,69,67,45,4,34
9587,65,67,46,36,36
9601,69,67,38,14,36
9613,68,64,41,12,36
9619,71,69,41,6,36
9623,67,71,43,4,36
9629,73,65,43,6,36
9631,65,67,43,2,36
9643,64,70,43,12,36
9649,69,63,43,6,36
9661,67,67,41,12,36
9677,72,69,52,16,36
9679,75,65,46,2,36
9689,75,70,42,10,36
9697,67,71,38,8,36
9719,74,73,44,22,36
9721,67,67,45,2,36
9733,72,67,37,12,36
9739,70,67,45,6,36
9743,70,69,49,4,36
9749,71,66,44,6,36
9767,72,62,44,18,36
9769,73,70,42,2,36
9781,66,63,39,12,36
9787,73,63,38,6,36
9791,69,67,41,4,36
9803,71,76,40,12,36
9811,69,68,39,8,36
9817,73,65,41,6,36
9829,69,65,40,12,36
9833,73,66,39,4,36
9839,71,65,44,6,36
9851,72,67,42,12,36
9857,70,76,50,6,36
9859,71,66,40,2,36
9871,65,67,41,12,36
9883,70,68,40,12,36
9887,71,64,43,4,36
9901,71,70,42,14,36
9907,77,68,49,6,36
9923,70,73,41,16,36
9929,71,63,43,6,36
9931,70,74,43,2,36
9941,68,69,49,10,36
9949,70,68,42,8,36
9967,70,74,43,18,36
9973,72,68,43,6,36
10007,69,69,38,34,36
10009,71,66,43,2,36
10037,67,67,45,28,36
10039,71,67,45,2,36
10061,70,67,41,22,36
10067,69,70,45,6,36
10069,72,67,40,2,36
10079,72,66,42,10,36
10091,67,70,46,12,36
10093,66,68,40,2,36
10099,67,64,41,6,36
10103,70,67,40,4,36
10111,72,74,50,8,36
10133,70,71,46,22,36
10139,74,69,45,6,36
10141,68,66,42,2,36
10151,73,68,44,10,36
10159,72,63,41,8,36
10163,73,70,44,4,36
10169,71,66,43,6,36
10177,67,70,38,8,36
10181,70,74,41,4,36
10193,72,72,43,12,36
10201,81,69,,8,36
10211,77,69,41,10,36
10223,72,72,42,12,36
10243,67,68,41,20,36
10247,69,68,44,4,36
10253,70,66,40,6,36
10259,70,66,57,6,36
10267,70,69,39,8,36
10271,70,65,41,4,36
10273,69,63,45,2,36
10289,68,67,41,16,36
10301,73,68,41,12,36
10303,71,67,43,2,36
10313,71,69,43,10,36
10321,68,67,39,8,36
10331,71,72,45,10,36
10333,68,71,41,2,36
10337,73,65,42,4,36
10343,72,67,47,6,36
10357,71,69,47,14,36
10369,71,63,44,12,36
10391,69,68,49,22,36
10399,72,64,53,8,36
10427,74,69,48,28,36
10429,74,69,44,2,36
10433,69,66,47,4,36
10453,68,66,40,20,36
10457,73,70,40,4,36
10459,69,66,38,2,36
10463,70,67,49,4,36
10477,70,66,45,14,36
10487,76,65,45,10,36
10499,67,66,48,12,36
10501,75,68,45,2,36
10513,72,64,46,12,36
10529,70,67,41,16,36
10531,72,70,37,2,36
10559,76,69,42,28,36
10567,74,65,43,8,36
10589,67,68,46,22,36
10597,67,69,44,8,36
10601,71,69,46,4,36
10607,78,74,45,6,36
10609,67,66,,2,36
10613,74,67,44,4,36
10627,73,69,46,14,36
10631,74,68,44,4,36
10639,69,67,47,8,36
10651,79,68,43,12,36
10657,67,68,43,6,36
10663,71,70,40,6,36
10667,71,69,43,4,36
10687,69,69,49,20,36
10691,69,65,46,4,36
10709,73,73,50,18,36
10711,73,67,47,2,36
10723,72,78,40,12,36
10729,70,66,42,6,36
10733,79,69,45,4,36
10739,75,64,45,6,36
10753,78,66,42,14,36
10771,73,64,44,18,36
10781,75,64,44,10,36
10789,67,67,39,8,36
10799,80,64,41,10,36
10831,74,67,38,32,36
10837,71,66,50,6,36
10847,73,67,46,10,36
10853,75,65,43,6,36
10859,71,67,49,6,36
10861,73,72,41,2,36
10867,75,77,54,6,36
10883,73,69,37,16,36
10889,74,68,40,6,36
10891,81,71,39,2,36
10903,68,76,39,12,36
10909,69,70,44,6,36
10937,75,67,44,28,36
10939,70,72,40,2,36
10949,70,66,46,10,36
10957,68,76,50,8,36
10973,72,67,45,16,36
10979,72,67,43,6,36
10987,66,71,48,8,36
10993,78,69,48,6,36
11003,75,71,46,10,36
11027,72,65,50,24,36
11047,69,69,42,20,36
11057,70,68,50,10,36
11059,74,68,45,2,36
11069,73,68,42,10,36
11071,71,67,44,2,36
11083,74,69,40,12,36
11087,73,67,47,4,36
11093,69,69,42,6,36
11113,71,67,41,20,36
11117,71,64,40,4,36
11119,67,69,39,2,36
11131,71,68,39,12,36
11149,73,72,41,18,36
11159,72,67,41,10,36
11161,78,70,40,2,36
11171,77,71,44,10,36
11173,69,69,48,2,36
11177,70,69,46,4,36
11197,73,68,41,20,36
11213,70,71,43,16,36
11239,87,68,47,26,36
11243,74,70,42,4,36
11251,66,64,42,8,36
11257,68,66,41,6,36
11261,72,72,44,4,36
11273,69,67,41,12,36
11279,74,66,46,6,36
11287,75,71,42,8,36
11299,75,68,43,12,36
11311,77,67,40,12,36
11317,72,70,40,6,36
11321,77,70,43,4,36
11329,74,69,42,8,36
11351,69,68,43,22,36
11353,70,71,40,2,36
11369,72,71,39,16,36
11383,71,69,41,14,36
11393,69,69,41,10,36
11399,70,67,48,6,36
11411,74,73,40,12,36
11423,69,68,45,12,36
11437,78,74,41,14,36
11443,76,68,45,6,36
11447,75,70,42,4,36
11449,68,67,,2,36
11467,71,65,42,18,36
11471,70,69,47,4,36
11483,74,73,43,12,36
11489,70,66,41,6,36
11491,72,74,39,2,36
11497,71,64,50,6,36
11503,71,74,45,6,36
11519,69,73,45,16,36
11527,71,67,45,8,36
11549,69,68,43,22,36
11551,72,67,38,2,36
11579,74,66,41,28,36
11587,74,73,43,8,36
11593,70,71,40,6,36
11597,75,66,50,4,36
11617,71,72,43,20,36
11621,73,66,49,4,36
11633,71,69,46,12,36
11657,73,68,44,24,36
11677,70,71,40,20,36
11681,77,71,39,4,36
11689,77,65,55,8,36
11699,72,66,46,10,36
11701,71,67,41,2,36
11717,71,67,42,16,36
11719,76,71,40,2,36
11731,68,71,46,12,36
11743,70,67,40,12,36
11777,74,73,50,34,36
11779,74,67,49,2,36
11783,85,68,45,4,36
11789,74,76,43,6,36
11801,74,69,43,12,36
11807,71,69,42,6,36
11813,72,82,41,6,36
11821,72,65,40,8,36
11827,73,70,46,6,36
11831,75,70,39,4,36
11833,74,70,45,2,36
11839,72,68,41,6,36
11863,69,74,43,24,36
11867,71,69,42,4,36
11881,72,66,,14,36
11887,69,76,40,6,36
11897,76,73,50,10,36
11903,72,66,46,6,36
11909,68,71,44,6,36
11923,79,70,45,14,36
11927,71,68,43,4,36
11933,73,71,49,6,36
11939,71,68,43,6,36
11941,70,68,41,2,36
11953,73,66,47,12,36
11959,73,67,40,6,36
11969,70,71,40,10,36
11971,77,68,40,2,36
11981,74,68,43,10,36
11987,72,71,50,6,36
12007,71,80,42,20,36
12011,73,77,42,4,36
12037,76,74,46,26,36
12041,75,67,52,4,36
12043,71,66,45,2,36
12049,70,71,42,6,36
12071,76,72,42,22,36
12073,74,66,40,2,36
12097,67,68,39,24,36
12101,78,74,46,4,36
12107,74,74,48,6,36
12109,73,70,44,2,36
12113,74,71,42,4,36
12119,74,66,52,6,36
12143,75,71,47,24,36
12149,71,68,43,6,36
12157,79,70,41,8,36
12161,74,67,47,4,36
12163,83,66,45,2,36
12167,73,65,,4,36
12197,71,71,41,30,36
12203,72,67,47,6,36
12211,68,66,43,8,36
12227,70,70,45,16,36
12239,73,65,48,12,36
12241,70,74,42,2,36
12251,75,66,41,10,36
12253,72,72,50,2,36
12263,70,67,53,10,36
12269,79,69,52,6,36
12277,74,70,44,8,36
12281,73,67,41,4,36
12289,72,71,45,8,36
12301,69,69,45,12,36
12323,71,72,41,22,36
12329,73,67,42,6,36
12343,74,68,44,14,36
12347,81,70,45,4,36
12373,70,67,50,26,36
12377,75,65,45,4,36
12379,69,74,44,2,36
12391,74,67,40,12,36
12401,71,73,45,10,36
12409,70,72,41,8,36
12413,70,77,40,4,36
12421,76,67,44,8,36
12433,71,64,38,12,36
12437,74,69,43,4,36
12451,82,73,41,14,36
12457,74,73,43,6,36
12473,70,69,46,16,36
12479,78,69,42,6,36
12487,72,72,42,8,36
12491,71,72,48,4,36
12497,73,72,39,6,36
12503,73,71,42,6,36
12511,71,68,41,8,36
12517,70,67,39,6,36
12527,76,84,46,10,36
12539,72,69,46,12,36
12541,77,68,41,2,36
12547,72,72,47,6,36
12553,69,73,44,6,36
12569,73,71,45,16,36
12577,72,78,46,8,36
12583,69,69,44,6,36
12589,71,67,40,6,36
12601,72,68,44,12,36
12611,74,72,42,10,36
12613,75,70,41,2,36
12619,75,72,46,6,36
12637,71,68,44,18,36
12641,75,72,46,4,36
12647,80,67,43,6,36
12653,72,83,43,6,36
12659,73,66,45,6,36
12671,74,68,44,12,36
12689,73,87,45,18,36
12697,73,73,44,8,36
12703,69,81,41,6,36
12713,77,68,43,10,36
12721,72,71,41,8,36
12739,76,70,42,18,36
12743,75,70,43,4,36
12757,72,69,43,14,36
12763,75,72,40,6,36
12769,69,76,,6,36
12781,77,77,42,12,36
12791,73,73,44,10,36
12799,78,69,42,8,36
12809,80,69,45,10,36
12821,72,66,50,12,36
12823,69,65,45,2,36
12829,72,72,39,6,36
12841,69,68,46,12,36
12853,73,70,43,12,36
12889,75,71,45,36,36
12893,72,71,53,4,36
12899,75,71,46,6,36
12907,73,75,44,8,36
12911,70,68,43,4,36
12917,79,71,49,6,36
12919,76,75,45,2,36
12923,79,69,44,4,36
12941,76,74,43,18,36
12953,72,72,46,12,36
12959,72,65,41,6,36
12967,72,69,41,8,36
12973,78,80,46,6,36
12979,76,66,42,6,36
12983,74,70,42,4,36
13001,69,75,48,18,36
13003,73,67,49,2,36
13007,71,71,46,4,36
13009,73,70,43,2,36
13033,72,71,47,24,36
13037,77,69,46,4,36
13043,70,75,43,6,36
13049,76,70,44,6,36
13063,74,77,43,14,36
13093,71,71,46,30,36
13099,76,68,46,6,36
13103,74,71,44,4,36
13109,72,70,45,6,36
13121,77,78,41,12,36
13127,74,70,45,6,36
13147,76,67,42,20,36
13151,77,72,45,4,36
13159,72,73,44,8,36
13163,72,68,43,4,36
13171,77,74,43,8,36
13177,71,75,44,6,36
13183,71,69,48,6,36
13187,79,76,48,4,36
13217,73,69,50,30,36
13219,75,67,45,2,36
13229,77,69,41,10,36
13241,81,76,41,12,36
13249,75,69,41,8,36
13259,80,69,44,10,36
13267,68,77,48,8,36
13291,75,71,45,24,36
13297,73,82,43,6,36
13309,81,72,47,12,36
13313,75,70,44,4,36
13327,71,69,40,14,36
13331,73,67,43,4,36
13337,76,77,43,6,36
13339,77,67,43,2,36
13367,71,69,61,28,36
13381,75,71,46,14,36
13397,74,72,46,16,36
13399,74,68,46,2,36
13411,70,68,39,12,36
13417,84,70,50,6,36
13421,73,68,48,4,36
13441,80,66,42,20,36
13451,75,72,43,10,36
13457,77,69,46,6,36
13463,79,70,47,6,36
13469,81,72,45,6,36
13477,84,69,43,8,36
13487,72,66,45,10,36
13499,76,78,46,12,36
13513,74,71,43,14,36
13523,74,67,49,10,36
13537,73,73,50,14,36
13553,75,71,47,16,36
13567,71,77,48,14,36
13577,75,70,41,10,36
13591,70,69,45,14,36
13597,75,75,41,6,36
13613,75,73,46,16,36
13619,73,67,44,6,36
13627,74,71,40,8,36
13633,79,69,48,6,36
13649,77,71,43,16,36
13669,79,69,47,20,36
13679,75,72,54,10,36
13681,70,81,49,2,36
13687,72,67,41,6,36
13691,77,67,43,4,36
13693,75,71,39,2,36
13697,74,70,43,4,36
13709,75,73,45,12,36
13711,75,75,47,2,36
13721,76,69,43,10,36
13723,75,70,43,2,36
13729,73,70,49,6,36
13751,81,75,42,22,36
13757,80,73,47,6,36
13759,74,70,44,2,36
13763,77,70,43,4,36
13781,72,68,47,18,36
13789,78,72,48,8,36
13799,74,70,51,10,36
13807,71,71,48,8,36
13829,71,77,41,22,36
13831,75,73,42,2,36
13841,75,68,44,10,36
13859,78,66,70,18,36
13873,74,68,44,14,36
13877,73,71,46,4,36
13879,73,72,46,2,36
13883,70,73,50,4,36
13901,80,76,45,18,36
13903,74,70,43,2,36
13907,75,73,43,4,36
13913,71,69,47,6,36
13921,78,75,52,8,36
13931,79,70,47,10,36
13933,73,73,42,2,36
13963,73,76,43,30,36
13967,76,70,40,4,36
13997,72,69,44,30,36
13999,76,69,47,2,36
14009,72,68,42,10,36
14011,77,75,40,2,36
14029,74,77,49,18,36
14033,74,70,49,4,36
14051,71,74,43,18,36
14057,75,75,47,6,36
14071,74,65,40,14,36
14081,81,72,40,10,36
14083,71,69,47,2,36
14087,77,81,62,4,36
14107,71,74,44,20,36
14143,79,71,46,36,36
14149,72,69,44,6,36
14153,74,75,49,4,36
14159,82,73,43,6,36
14173,77,68,44,14,36
14177,80,73,42,4,36
14197,69,77,45,20,36
14207,81,72,45,10,36
14221,74,79,43,14,36
14243,77,67,57,22,36
14249,73,70,50,6,36
14251,74,73,45,2,36
14281,74,69,47,30,36
14293,78,70,49,12,36
14303,72,72,43,10,36
14321,71,68,53,18,36
14323,72,66,43,2,36
14327,72,68,44,4,36
14341,74,70,51,14,36
14347,73,72,46,6,36
14369,76,72,47,22,36
14387,75,74,43,18,36
14389,73,71,45,2,36
14401,78,78,46,12,36
14407,73,69,52,6,36
14411,74,69,47,4,36
14419,74,68,40,8,36
14423,76,71,42,4,36
14431,70,67,43,8,36
14437,73,75,45,6,36
14447,75,72,44,10,36
14449,77,67,45,2,36
14461,83,70,39,12,36
14479,81,71,44,18,36
14489,80,73,42,10,36
14503,80,71,47,14,36
14519,78,72,47,16,36
14533,71,76,46,14,36
14537,86,70,51,4,36
14543,76,72,46,6,36
14549,79,71,63,6,36
14551,79,72,43,2,36
14557,77,69,43,6,36
14561,75,74,41,4,36
14563,78,74,44,2,36
14591,76,69,44,28,36
14593,74,70,47,2,36
14621,77,70,46,28,36
14627,79,71,46,6,36
14629,71,79,44,2,36
14633,76,73,47,4,36
14639,77,81,45,6,36
14641,70,71,,2,36
14653,74,69,52,12,36
14657,80,73,46,4,36
14669,74,70,41,12,36
14683,73,68,52,14,36
14699,72,68,44,16,36
14713,75,70,44,14,36
14717,78,84,50,4,36
14723,73,69,53,6,36
14731,72,68,46,8,36
14737,72,71,49,6,36
14741,78,68,44,4,36
14747,75,74,44,6,36
14753,79,69,47,6,36
14759,78,74,51,6,36
14767,79,76,46,8,36
14771,75,75,41,4,36
14779,75,70,54,8,36
14783,75,75,45,4,36
14797,77,79,48,14,36
14813,75,73,49,16,36
14821,74,75,44,8,36
14827,79,68,40,6,36
14831,77,70,48,4,36
14843,73,71,58,12,36
14851,80,74,40,8,36
14867,77,71,45,16,36
14869,75,71,60,2,36
14879,73,70,47,10,36
14887,72,76,43,8,36
14891,78,70,41,4,36
14897,77,69,50,6,36
14923,74,72,43,26,36
14929,73,70,45,6,36
14939,73,77,46,10,36
14947,74,74,49,8,36
14951,86,76,42,4,36
14957,75,77,45,6,36
14969,73,75,49,12,36
14983,75,72,46,14,36
15013,76,71,50,30,36
15017,73,71,47,4,36
15031,70,71,41,14,36
15053,72,68,43,22,36
15061,74,70,42,8,36
15073,76,72,46,12,36
15077,73,67,60,4,36
15083,78,70,42,6,36
15091,72,74,41,8,36
15101,77,71,44,10,36
15107,84,76,46,6,36
15121,84,77,48,14,36
15131,77,74,47,10,36
15137,72,71,42,6,36
15139,77,69,51,2,36
15149,81,73,44,10,36
15161,74,78,49,12,36
15173,84,72,42,12,36
15187,76,75,41,14,36
15193,76,72,44,6,36
15199,79,76,43,6,36
15217,72,74,46,18,36
15227,73,70,48,10,36
15233,76,68,49,6,36
15241,74,76,46,8,36
15259,72,70,50,18,36
15263,80,72,42,4,36
15269,78,70,47,6,36
15271,72,70,47,2,36
15277,74,74,42,6,36
15287,74,74,42,10,36
15289,77,70,45,2,36
15299,78,69,50,10,36
15307,77,74,43,8,36
15313,79,68,45,6,36
15319,71,71,45,6,36
15329,73,69,43,10,36
15331,73,69,43,2,36
15349,71,71,45,18,36
15359,75,71,44,10,36
15361,74,69,45,2,36
15373,75,77,46,12,36
15377,75,72,51,4,36
15383,74,69,47,6,36
15391,78,73,41,8,36
15401,81,69,45,10,36
15413,73,71,47,12,36
15427,73,75,45,14,36
15439,73,77,49,12,36
15443,75,71,46,4,36
15451,72,72,45,8,36
15461,79,70,48,10,36
15467,74,76,53,6,36
15473,76,70,48,6,36
15493,73,79,45,20,36
15497,81,72,46,4,36
15511,72,70,48,14,36
15527,75,72,43,16,36
15541,80,72,47,14,36
15551,77,68,46,10,36
15559,76,73,46,8,36
15569,76,70,44,10,36
15581,82,74,42,12,36
15583,85,76,54,2,36
15601,76,75,47,18,36
15607,73,72,48,6,36
15619,79,67,51,12,36
15625,90,70,,6,36
15629,75,82,46,4,36
15641,75,68,43,12,36
15643,81,71,48,2,36
15647,76,75,50,4,36
15649,72,75,48,2,36
15661,72,72,40,12,36
15667,75,70,50,6,36
15671,73,73,48,4,36
15679,81,74,49,8,36
15683,80,74,48,4,36
15727,75,77,48,44,44
15731,84,72,48,4,44
15733,74,73,42,2,44
15737,81,70,51,4,44
15739,72,72,45,2,44
15749,75,72,49,10,44
15761,78,72,46,12,44
15767,78,74,52,6,44
15773,78,71,51,6,44
15787,70,73,47,14,44
15791,74,71,47,4,44
15797,86,68,47,6,44
15803,79,74,51,6,44
15809,75,77,50,6,44
15817,74,69,43,8,44
15823,78,73,44,6,44
15859,75,71,52,36,44
15877,72,87,51,18,44
15881,80,74,53,4,44
15887,76,71,55,6,44
15889,74,72,50,2,44
15901,74,73,50,12,44
15907,79,74,43,6,44
15913,73,75,44,6,44
15919,77,72,41,6,44
15923,86,76,42,4,44
15937,80,74,43,14,44
15959,72,75,51,22,44
15971,78,74,48,12,44
15973,74,73,43,2,44
15991,75,72,41,18,44
16001,76,73,42,10,44
16007,77,83,47,6,44
16033,75,73,46,26,44
16057,80,69,52,24,44
16061,75,76,43,4,44
16063,75,71,42,2,44
16067,73,74,45,4,44
16069,81,70,43,2,44
16073,77,74,47,4,44
16087,72,71,43,14,44
16091,74,72,46,4,44
16097,78,75,47,6,44
16103,77,71,47,6,44
16111,75,71,45,8,44
16127,78,68,44,16,44
16129,69,67,,2,44
16139,80,72,53,10,44
16141,75,77,44,2,44
16183,74,72,47,42,44
16187,76,78,53,4,44
16189,76,71,47,2,44
16193,77,71,50,4,44
16217,75,71,48,24,44
16223,88,75,46,6,44
16229,75,69,47,6,44
16231,76,81,45,2,44
16249,76,70,44,18,44
16253,87,74,49,4,44
16267,71,78,53,14,44
16273,72,76,46,6,44
16301,81,73,46,28,44
16319,76,69,51,18,44
16333,81,78,45,14,44
16339,78,78,48,6,44
16349,75,75,44,10,44
16361,80,74,45,12,44
16363,75,73,43,2,44
16369,76,74,40,6,44
16381,71,72,44,12,44
16384,101,100,,3,44
16411,78,76,48,27,44
16417,72,73,46,6,44
16421,76,68,44,4,44
16427,78,80,51,6,44
16433,72,75,43,6,44
16447,72,78,56,14,44
16451,80,74,46,4,44
16453,75,73,43,2,44
16477,78,72,50,24,44
16481,78,69,44,4,44
16487,73,75,50,6,44
16493,82,75,43,6,44
16519,76,74,51,26,44
16529,90,75,53,10,44
16547,76,74,48,18,44
16553,77,73,44,6,44
16561,77,71,44,8,44
16567,73,70,44,6,44
16573,71,69,43,6,44
16603,77,70,48,30,44
16607,73,71,54,4,44
16619,76,81,45,12,44
16631,87,70,48,12,44
16633,75,75,41,2,44
16649,78,79,55,16,44
16651,78,72,47,2,44
16657,77,74,43,6,44
16661,83,78,45,4,44
16673,77,76,46,12,44
16691,77,73,47,18,44
16693,73,73,43,2,44
16699,80,74,47,6,44
16703,75,75,44,4,44
16729,75,75,47,26,44
16741,74,71,45,12,44
16747,75,80,41,6,44
16759,76,70,43,12,44
16763,76,71,48,4,44
16787,76,76,49,24,44
16807,76,69,,20,44
16811,76,73,44,4,44
16823,82,74,43,12,44
16829,78,71,49,6,44
16831,76,74,45,2,44
16843,76,74,46,12,44
16871,81,74,43,28,44
16879,74,74,42,8,44
16883,77,74,50,4,44
16889,84,75,44,6,44
16901,73,73,52,12,44
16903,74,73,47,2,44
16921,76,73,47,18,44
16927,74,71,46,6,44
16931,81,83,47,4,44
16937,73,83,48,6,44
16943,76,70,44,6,44
16963,75,76,45,20,44
16979,79,71,49,16,44
16981,82,72,46,2,44
16987,76,69,47,6,44
16993,79,72,43,6,44
17011,75,74,41,18,44
17021,76,69,44,10,44
17027,82,76,54,6,44
17029,73,72,46,2,44
17033,80,75,48,4,44
17041,80,70,45,8,44
17047,81,70,47,6,44
17053,79,74,49,6,44
17077,74,69,45,24,44
17093,79,74,49,16,44
17099,77,70,47,6,44
17107,75,70,45,8,44
17117,84,73,49,10,44
17123,81,80,43,6,44
17137,78,72,47,14,44
17159,80,78,50,22,44
17161,72,72,,2,44
17167,77,74,43,6,44
17183,77,82,48,16,44
17189,82,72,48,6,44
17191,79,75,52,2,44
17203,75,71,46,12,44
17207,75,76,48,4,44
17209,73,80,45,2,44
17231,77,81,43,22,44
17239,72,75,45,8,44
17257,76,75,47,18,44
17291,75,67,47,34,44
17293,76,72,49,2,44
17299,74,75,47,6,44
17317,73,75,44,18,44
17321,88,72,51,4,44
17327,76,75,50,6,44
17333,79,76,48,6,44
17341,76,70,47,8,44
17351,75,77,49,10,44
17359,76,70,45,8,44
17377,75,77,47,18,44
17383,75,73,44,6,44
17387,78,77,47,4,44
17389,76,71,49,2,44
17393,76,80,50,4,44
17401,79,83,47,8,44
17417,73,71,48,16,44
17419,80,70,45,2,44
17431,79,80,44,12,44
17443,78,80,49,12,44
17449,73,74,47,6,44
17467,82,76,43,18,44
17471,83,84,47,4,44
17477,79,69,44,6,44
17483,80,71,48,6,44
17489,75,67,47,6,44
17491,81,70,44,2,44
17497,74,74,42,6,44
17509,74,73,48,12,44
17519,76,73,47,10,44
17539,80,73,54,20,44
17551,73,79,45,12,44
17569,76,72,48,18,44
17573,79,73,46,4,44
17579,76,76,44,6,44
17581,90,74,47,2,44
17597,86,71,48,16,44
17599,77,74,42,2,44
17609,80,74,50,10,44
17623,75,71,46,14,44
17627,85,73,49,4,44
17657,81,73,44,30,44
17659,74,74,49,2,44
17669,77,69,48,10,44
17681,73,72,46,12,44
17683,76,68,45,2,44
17707,76,78,49,24,44
17713,73,73,46,6,44
17729,78,70,60,16,44
17737,78,69,42,8,44
17747,76,76,50,10,44
17749,81,75,50,2,44
17761,77,77,51,12,44
17783,80,71,47,22,44
17789,75,70,45,6,44
17791,81,74,44,2,44
17807,74,72,46,16,44
17827,78,78,54,20,44
17837,79,73,46,10,44
17839,78,73,46,2,44
17851,76,72,45,12,44
17863,77,71,48,12,44
17881,76,77,49,18,44
17891,76,76,47,10,44
17903,73,73,51,12,44
17909,78,70,62,6,44
17911,79,75,49,2,44
17921,78,72,48,10,44
17923,78,75,45,2,44
17929,77,73,46,6,44
17939,78,74,51,10,44
17957,74,71,50,18,44
17959,78,74,44,2,44
17971,78,74,48,12,44
17977,77,76,47,6,44
17981,79,75,62,4,44
17987,82,71,48,6,44
17989,80,73,52,2,44
18013,77,71,54,24,44
18041,73,72,49,28,44
18043,84,72,47,2,44
18047,81,82,42,4,44
18049,80,73,42,2,44
18059,76,78,46,10,44
18061,77,71,40,2,44
18077,78,73,57,16,44
18089,89,72,54,12,44
18097,74,74,43,8,44
18119,83,71,47,22,44
18121,75,72,49,2,44
18127,82,72,42,6,44
18131,75,74,53,4,44
18133,77,73,39,2,44
18143,83,78,44,10,44
18149,77,74,43,6,44
18169,74,77,43,20,44
18181,75,74,49,12,44
18191,75,80,48,10,44
18199,78,79,44,8,44
18211,76,74,48,12,44
18217,81,79,40,6,44
18223,75,79,48,6,44
18229,79,68,41,6,44
18233,80,74,45,4,44
18251,77,74,55,18,44
18253,86,74,46,2,44
18257,83,76,49,4,44
18269,76,69,46,12,44
18287,78,74,50,18,44
18289,75,73,50,2,44
18301,77,72,43,12,44
18307,73,73,53,6,44
18311,74,74,49,4,44
18313,77,74,48,2,44
18329,76,79,56,16,44
18341,76,74,51,12,44
18353,73,71,53,12,44
18367,81,74,46,14,44
18371,78,71,51,4,44
18379,78,71,45,8,44
18397,74,74,47,18,44
18401,77,77,50,4,44
18413,81,74,52,12,44
18427,75,71,47,14,44
18433,72,74,47,6,44
18439,78,74,44,6,44
18443,78,78,47,4,44
18451,75,77,47,8,44
18457,83,72,47,6,44
18461,81,77,47,4,44
18481,79,77,50,20,44
18493,73,71,42,12,44
18503,75,71,43,10,44
18517,75,73,47,14,44
18521,83,76,48,4,44
18523,80,76,44,2,44
18539,76,74,44,16,44
18541,77,70,48,2,44
18553,73,74,45,12,44
18583,74,73,45,30,44
18587,74,73,44,4,44
18593,76,78,46,6,44
18617,78,73,47,24,44
18637,81,71,43,20,44
18661,74,76,46,24,44
18671,92,76,48,10,44
18679,77,77,49,8,44
18691,86,83,45,12,44
18701,81,69,48,10,44
18713,76,75,47,12,44
18719,79,70,46,6,44
18731,79,73,53,12,44
18743,83,71,46,12,44
18749,75,76,52,6,44
18757,78,75,48,8,44
18769,76,69,,12,44
18773,79,75,54,4,44
18787,82,77,47,14,44
18793,81,81,47,6,44
18797,75,74,43,4,44
18803,76,73,54,6,44
18839,76,74,48,36,44
18859,76,73,48,20,44
18869,77,70,47,10,44
18899,83,71,48,30,44
18911,78,74,43,12,44
18913,76,76,42,2,44
18917,77,80,48,4,44
18919,77,71,46,2,44
18947,75,76,45,28,44
18959,77,73,46,12,44
18973,80,71,53,14,44
18979,81,71,45,6,44
19001,79,73,52,22,44
19009,80,75,41,8,44
19013,80,74,45,4,44
19031,76,80,52,18,44
19037,76,81,50,6,44
19051,73,74,49,14,44
19069,78,72,43,18,44
19073,76,80,51,4,44
19079,79,74,46,6,44
19081,74,78,48,2,44
19087,74,72,46,6,44
19121,76,80,46,34,44
19139,75,79,46,18,44
19141,82,72,45,2,44
19157,80,77,43,16,44
19163,77,74,50,6,44
19181,78,75,45,18,44
19183,76,74,50,2,44
19207,76,76,43,24,44
19211,75,73,49,4,44
19213,81,84,53,2,44
19219,80,75,46,6,44
19231,75,80,56,12,44
19237,78,79,49,6,44
19249,78,84,48,12,44
19259,93,71,51,10,44
19267,74,76,42,8,44
19273,79,72,44,6,44
19289,78,75,49,16,44
19301,79,74,48,12,44
19309,76,72,46,8,44
19319,84,76,44,10,44
19321,77,81,,2,44
19333,78,75,46,12,44
19373,77,71,46,40,44
19379,75,78,46,6,44
19381,81,69,41,2,44
19387,76,79,46,6,44
19391,76,76,50,4,44
19403,82,79,52,12,44
19417,81,75,45,14,44
19421,76,73,49,4,44
19423,80,74,46,2,44
19427,81,78,48,4,44
19429,77,72,44,2,44
19433,76,81,45,4,44
19441,73,74,47,8,44
19447,81,93,49,6,44
19457,79,77,53,10,44
19463,76,79,44,6,44
19469,78,71,51,6,44
19471,74,72,50,2,44
19477,79,80,48,6,44
19483,83,78,49,6,44
19489,82,74,51,6,44
19501,76,75,49,12,44
19507,76,85,45,6,44
19531,75,70,44,24,44
19541,79,73,57,10,44
19543,78,72,47,2,44
19553,80,72,42,10,44
19559,79,71,46,6,44
19571,81,72,51,12,44
19577,77,78,48,6,44
19583,87,73,48,6,44
19597,76,78,46,14,44
19603,83,73,48,6,44
19609,76,76,49,6,44
19661,82,78,47,52,52
19681,78,74,48,20,52
19683,89,80,,2,52
19687,81,77,51,4,52
19697,79,74,48,10,52
19699,80,77,46,2,52
19709,75,85,55,10,52
19717,79,74,54,8,52
19727,82,74,50,10,52
19739,81,72,44,12,52
19751,81,77,53,12,52
19753,75,72,49,2,52
19759,78,71,49,6,52
19763,77,75,45,4,52
19777,85,81,43,14,52
19793,79,72,51,16,52
19801,77,75,45,8,52
19813,85,76,49,12,52
19819,84,74,51,6,52
19841,76,75,47,22,52
19843,84,81,46,2,52
19853,75,76,49,10,52
19861,76,78,47,8,52
19867,78,87,46,6,52
19889,76,74,48,22,52
19891,76,76,49,2,52
19913,84,75,43,22,52
19919,79,70,52,6,52
19927,77,70,45,8,52
19937,78,78,49,10,52
19949,77,74,44,12,52
19961,81,74,51,12,52
19963,85,73,47,2,52
19973,76,74,46,10,52
19979,78,75,47,6,52
19991,80,85,54,12,52
19993,77,70,49,2,52
19997,76,79,52,4,52
20011,79,75,46,14,52
20021,90,71,48,10,52
20023,77,75,45,2,52
20029,73,73,51,6,52
20047,79,75,45,18,52
20051,85,78,50,4,52
20063,81,76,46,12,52
20071,79,73,47,8,52
20089,77,77,51,18,52
20101,80,69,46,12,52
20107,73,74,47,6,52
20113,77,76,47,6,52
20117,79,71,49,4,52
20123,78,75,50,6,52
20129,80,73,44,6,52
20143,80,77,48,14,52
20147,76,74,46,4,52
20149,78,77,48,2,52
20161,77,76,41,12,52
20173,80,78,49,12,52
20177,82,85,45,4,52
20183,79,76,46,6,52
20201,79,78,47,18,52
20219,81,79,48,18,52
20231,85,78,53,12,52
20233,78,77,52,2,52
20249,78,73,51,16,52
20261,80,79,50,12,52
20269,76,72,49,8,52
20287,81,73,45,18,52
20297,79,82,44,10,52
20323,82,78,45,26,52
20327,82,75,46,4,52
20333,78,77,48,6,52
20341,77,73,47,8,52
20347,85,77,46,6,52
20353,80,71,45,6,52
20357,78,78,55,4,52
20359,82,71,52,2,52
20369,76,73,50,10,52
20389,76,77,59,20,52
20393,80,74,45,4,52
20399,77,78,50,6,52
20407,84,74,50,8,52
20411,76,75,45,4,52
20431,78,73,46,20,52
20441,82,72,47,10,52
20443,86,77,44,2,52
20477,79,74,61,34,52
20479,76,75,61,2,52
20483,78,76,43,4,52
20507,80,83,50,24,52
20509,80,86,44,2,52
20521,81,74,54,12,52
20533,75,77,48,12,52
20543,79,72,54,10,52
20549,79,75,48,6,52
20551,77,76,46,2,52
20563,78,83,47,12,52
20593,80,72,48,30,52
20599,86,74,52,6,52
20611,77,81,45,12,52
20627,76,72,46,16,52
20639,75,74,47,12,52
20641,77,82,45,2,52
20663,76,73,51,22,52
20681,86,78,43,18,52
20693,77,79,42,12,52
20707,88,77,45,14,52
20717,76,76,45,10,52
20719,81,71,47,2,52
20731,81,75,49,12,52
20743,81,73,45,12,52
20747,79,101,58,4,52
20749,77,75,41,2,52
20753,80,76,51,4,52
20759,85,72,45,6,52
20771,76,75,53,12,52
20773,77,75,51,2,52
20789,82,76,49,16,52
20807,83,76,46,18,52
20809,77,77,48,2,52
20849,81,82,42,40,52
20857,77,77,43,8,52
20873,80,74,47,16,52
20879,77,76,45,6,52
20887,78,72,52,8,52
20897,79,85,47,10,52
20899,80,71,44,2,52
20903,87,73,48,4,52
20921,80,79,50,18,52
20929,80,73,49,8,52
20939,80,72,52,10,52
20947,80,76,43,8,52
20959,81,75,46,12,52
20963,76,73,46,4,52
20981,85,78,50,18,52
20983,78,73,42,2,52
21001,81,79,48,18,52
21011,79,73,44,10,52
21013,75,72,44,2,52
21017,83,73,54,4,52
21019,75,72,44,2,52
21023,79,75,59,4,52
21031,83,76,45,8,52
21059,81,76,52,28,52
21061,84,78,44,2,52
21067,79,77,49,6,52
21089,79,75,48,22,52
21101,88,73,44,12,52
21107,77,73,55,6,52
21121,76,71,47,14,52
21139,76,72,46,18,52
21143,87,79,52,4,52
21149,88,75,49,6,52
21157,75,76,44,8,52
21163,84,75,46,6,52
21169,77,74,43,6,52
21179,74,77,49,10,52
21187,79,80,44,8,52
21191,76,74,51,4,52
21193,89,85,46,2,52
21211,76,76,43,18,52
21221,80,76,54,10,52
21227,75,78,48,6,52
21247,76,75,47,20,52
21269,77,83,50,22,52
21277,78,77,52,8,52
21283,81,77,48,6,52
21313,84,85,47,30,52
21317,79,77,44,4,52
21319,84,79,49,2,52
21323,84,73,46,4,52
21341,78,75,50,18,52
21347,77,78,44,6,52
21377,76,75,49,30,52
21379,81,73,48,2,52
21383,82,79,45,4,52
21391,81,76,48,8,52
21397,82,77,47,6,52
21401,78,77,49,4,52
21407,82,77,51,6,52
21419,78,72,50,12,52
21433,77,75,47,14,52
21467,76,72,49,34,52
21481,80,80,50,14,52
21487,82,88,45,6,52
21491,78,75,51,4,52
21493,84,82,45,2,52
21499,74,76,54,6,52
21503,78,78,47,4,52
21517,88,81,58,14,52
21521,81,73,45,4,52
21523,76,74,47,2,52
21529,89,79,46,6,52
21557,78,75,50,28,52
21559,81,74,47,2,52
21563,80,78,49,4,52
21569,81,75,47,6,52
21577,80,91,43,8,52
21587,83,85,47,10,52
21589,86,78,44,2,52
21599,79,74,46,10,52
21601,74,78,45,2,52
21611,76,72,45,10,52
21613,79,77,48,2,52
21617,81,73,42,4,52
21647,78,72,44,30,52
21649,78,76,48,2,52
21661,79,77,51,12,52
21673,86,78,48,12,52
21683,77,82,50,10,52
21701,81,72,47,18,52
21713,79,77,46,12,52
21727,77,78,43,14,52
21737,84,74,45,10,52
21739,79,77,45,2,52
21751,79,77,45,12,52
21757,80,70,48,6,52
21767,78,76,48,10,52
21773,81,79,46,6,52
21787,78,73,52,14,52
21799,82,76,49,12,52
21803,80,73,46,4,52
21817,74,78,45,14,52
21821,76,70,51,4,52
21839,78,70,46,18,52
21841,82,72,43,2,52
21851,81,79,47,10,52
21859,83,79,47,8,52
21863,79,80,51,4,52
21871,87,76,46,8,52
21881,84,71,45,10,52
21893,83,81,49,12,52
21911,76,80,43,18,52
21929,77,86,53,18,52
21937,77,77,51,8,52
21943,77,74,49,6,52
21961,84,77,47,18,52
21977,83,72,54,16,52
21991,81,80,46,14,52
21997,84,78,50,6,52
